ID;Topic
1;"3D Object Recognition; Point Cloud; Pose Estimation "
2;"3D Shape; Segmentation; Point Cloud "
3;"Abnormal Behavior; Video Surveillance; Event Detection "
4;"Access Control; Document Markup Languages; Language Policy "
5;"Access Control; Obligation; Enforcement "
6;"Action Recognition; Skeleton; Depth Map "
7;"Active Appearance Models; Facial Animation; Face Tracking "
8;"Active Contour Model; Level Set Method; Image Segmentation "
9;"Advanced Encryption Standard; S-Box; Block Ciphers "
10;"Aerial Image; Lidar; Region-Building "
11;"Aerial Triangulation; Photogrammetry; Geographic Mapping "
12;"Age Estimation; Morphs; Facial Recognition "
13;"Algebraic Topology; Simplicial Complex; Homology "
14;"Anonymization; K-Anonymity; Microaggregation "
15;"Anonymous Networks; Anonymity; Traffic Analysis"
16;"Anthoxanthum; Plant Identification; Botanists "
17;"Archaeological Features; Cropmark; Archaeology "
18;"Architectural Heritage; Photogrammetry; Information Modeling "
19;"Attestation; Trusted Computing; Hardware Security "
20;"Audio Watermarking; Steganography; MP3 "
21;"Authenticated Encryption; Block Ciphers; Related-Key Attack "
22;"Authenticated Key Exchange; Key Agreement Protocol; Password "
23;"Authentication Protocol; Radio Frequency Identification Device; Forward Security "
24;"Autofocus; Depth Estimation; Unimodality "
25;"Autonomous Navigation; Path Planning; Deep Learning  "
26;"Binarization; Thresholding; Image Segmentation "
27;"Boltzmann Machine; Belief Networks; Generative "
28;"Camera Calibration; Omnidirectional Vision; Distortion "
29;"Captions; Question Answering; Image Annotation "
30;"Character Recognition; Video Indexing; Binarization "
31;"Clothing; Garment Design; Body Measurements "
32;"Collision Detection; Cloth; Deformable Objects"
33;"Compressed Sensing; Matching Pursuit; Radar Imaging "
34;"Computer Security; Social Responsibility; Impact Assessment"
35;"Conditional Random Fields; Parsing; Superpixels "
36;"Correlation Filter; Visual Tracking; Multiple Object Tracking "
37;"Cross-Modal; Cross Media; Multi-View "
38;"Crowds; Density Estimation; Counting "
39;"Data Hiding; Steganography; Reversible Watermarking "
40;"Data Integrity; Auditing; Random Oracle Model "
41;"Defect Detection; Woven Fabrics; Gabor Filters "
42;"Depth Estimation; 3D Video; Image-Based Rendering "
43;"Depth Estimation; Microlens Array; Image Coding "
44;"Depth Map; Inpainting; Super-Resolution "
45;"Digital Forensics; Cybercrime; Court of Law "
46;"Edge Detection; Gaussian Filter; Medical Image "
47;"Electronic Voting; Security Protocols; Verifiability "
48;"Emotion Recognition; Facial Expression; Smile "
49;"Face Detection; Skin Pigmentation; Color Space "
50;"Facial Recognition; Eigenface; Linear Discriminant Analysis "
51;"First Person; Activity Recognition; First-Person Perspective "
52;"Forgery; Tampering; Discrete Cosine Transforms "
53;"Fragile Watermarking; Image Authentication; Hashing "
54;"Fundamental Matrix; Inliers (Landforms); Inlier "
55;"Gait Recognition; Silhouette; Forensic Anthropology "
56;"Generalization; Gaussian Processes; Deep Learning  "
57;"Generative; Image Inpainting; Source Domain "
58;"Global Illumination; Bidirectional Reflectance; Rendering "
59;"Graph Distance; Quadratic Assignment Problem; Image Matching "
60;"Grid Maps; Obstacle Detection; Stereo Vision "
61;"Group Signature; Electronic Cash; Revocation "
62;"Haptic Rendering; Deformable Objects; Soft Tissue "
63;"Hardware Security; Intellectual Property Piracy; Obfuscation "
64;"Hardware Security; Static Random Access Storage; RRAM "
65;"Hashing; Nearest Neighbor Search; Image Retrieval "
66;"Histogram Equalization; Image Enhancement; Brightness "
67;"Homomorphic Encryption; Signature Scheme; Lattice Ideal "
68;"Identification Devices; Authentication; Fingerprinting "
69;"Image Annotation; Content-Based Image Retrieval; Relevance Feedback "
70;"Image Deblurring; Motion Blur; Blind Deconvolution "
71;"Image Enhancement; Haze; Atmospheric Scattering "
72;"Image Fusion; Pulse Coupled Neural Network; Contourlet Transform "
73;"Image Inpainting; Image-Based Rendering; Exemplar-Based "
74;"Image Quality Assessment; Video Quality; Sharpness"
75;"Image Retrieval; Scene Recognition; California Institute of Technology "
76;"Image Watermarking; Copyright Protection; Discrete Cosine Transforms "
77;"Impulse Noise; Median Filters; Peppers "
78;"Information Security; Protocol Compliance; Breach"
79;"Insider; Masquerade; Data Theft "
80;"Internet Protocols; Internet Service Providers; Public Address "
81;"Internet Traffic; Network Management; Internet Service Providers"
82;"Introspection; Malware; Virtual Machine "
83;"Intrusion Detection System; Anomaly Detection; Denial-Of-Service Attack "
84;"Investment Securities; Insurance; Insurability "
85;"Iris Recognition; Iris; Sclera "
86;"Key Agreement; User Authentication; Multi-Server "
87;"Keyword Search; Public Key Encryption; Equality Test "
88;"Landing; Unmanned Aerial Vehicles; Pose Estimation "
89;"Lane Detection; Vanishing Point; Driver Assistance "
90;"Language Recognition; Hand Gesture; American Sign Language "
91;"Liveness; Face Detection; Fetal Alcohol Spectrum Disorders "
92;"Location Privacy; K-Anonymity; Anonymization "
93;"Malware; Center Manifold Theorem; Worms "
94;"Malware; Obfuscation; Binary Codes "
95;"Manifold Learning; Locally Linear Embedding; Dimensionality Reduction "
96;"Material Point Method; Animation; Visual Effects "
97;"Matrix Completion; Tensor Rank; Nonconvex "
98;"Mesh Generation; Delaunay; Centroidal Voronoi Tessellations "
99;"Mesh Simplification; Point Cloud; Octree "
100;"Mobile Deep Learning; Edge Computing; Deep Neural Networks  "
101;"Mobile Ipv6; Mobility Management; Handover "
102;"Moving Object Detection; Background Subtraction; Foreground "
103;"Moving Target; Software Defined Networking; Defense "
104;"MPEG-7; Shape Matching; Image Retrieval "
105;"Networked Control Systems; Denial-Of-Service Attack; Cyber Physical System "
106;"Non-Negative Matrix Factorization; Source Separation; Speech Enhancement "
107;"Obfuscation; Indistinguishability; Modular Exponentiation "
108;"Object Detection; CNN; IOU "
109;"Oblivious Transfer; Secure Multi-Party Computation; Privacy Preserving "
110;"Ocular Fixation; Gaze; Eye Tracking "
111;"Open Pit Mine; Ore Deposits; Geographic Information Systems "
112;"Optical Flows; Motion Estimation; Large Displacements "
113;"Ostdeutscher Rundfunk Brandenburg; Scale Invariant Feature Transform; Image Matching "
114;"Palette; Color Image; Retouching "
115;"Palmprint Recognition; Veins; Fingers "
116;"Panchromatic Image; Hyperspectral Imagery; Geoeye "
117;"Particle Accelerators; RRAM; TOPS "
118;"Pedestrian Detection; California Institute of Technology; Histograms "
119;"Point Cloud; Laser Scanning; Lidar "
120;"Point Cloud; Surface Reconstruction; Denoising "
121;"Pose Estimation; Motion Capture; Ethoprop "
122;"Privacy Preserving Data Mining; Secure Multi-Party Computation; Homomorphic Encryption "
123;"Privacy Preserving; Randomized Response; Private Information "
124;"Pseudorandom Generator; Ramanujan Graphs; Randomness Extractors "
125;"Quadrilateral Mesh; Remeshing; Quadrangulation "
126;"Quick Response; Barcoding; Color Codes "
127;"Radiography; Pneumothorax; Artificial Intelligence  "
128;"Range Finders; Lidar; Laser Scanner "
129;"Remote Sensing Image; Land Use Classification; Image Retrieval "
130;"Revocation; Encryption; Diffie-Hellman "
131;"Road Extraction; Remote Sensing Image; Aerial Image "
132;"Role-Based Access Control; Control Policy; Authorization "
133;"Saliency; Object Detection; Visual Attention "
134;"SCADA System; Supervisory Control; Intrusion Detection "
135;"Scalar Multiplication; Elliptic Curves; Cryptography "
136;"Semantic Space; Shot; Image Classification "
137;"Session Initiation Protocol; Voice over IP; Voip "
138;"Side Channel Attacks; Covert Channel; Cache"
139;"Side Channel Attacks; Differential Power Analysis; Block Ciphers "
140;"Signcryption; Signature Scheme; Identity-Based Encryption "
141;"Simultaneous Localization and Mapping; Grid Maps; Mobile Robots "
142;"Simultaneous Localization and Mapping; Ostdeutscher Rundfunk Brandenburg; Pose Estimation "
143;"Single Sign-On; Identity Management; Authorization "
144;"Small Sample Learning; Few-Shot Object Detection; Few-Shot Learning  "
145;"Source Domain; Sentiment Classification; Transfer of Learning "
146;"Spam; Electronic Mail; Enron "
147;"Spectral Clustering; Image Segmentation; Laplacian Matrix "
148;"SQL; Scripting; Web Application "
149;"Steganalysis; Distortion Function; Data Hiding "
150;"Stereo Matching; Depth Estimation; Belief Propagation "
151;"Stitching; Image Mosaic; Panorama "
152;"String Searching Algorithms; Regular Expressions; Network Intrusion Detection "
153;"Structure from Motion; 3D Reconstruction; Epipolar Geometry "
154;"Stylization; Non-Photorealistic Rendering; Bilateral Filter "
155;"Subspace Clustering; Motion Segmentation; Rank of Data "
156;"Superpixels; Graph Cuts; Image Segmentation "
157;"Super-Resolution; Hallucinations; Sparse Representation "
158;"Target Detection; Dim; Infrared Image "
159;"Terrestrial Laser Scanning; Laser Scanner; Total Station "
160;"Traffic Signs; Speed Limit; Driver Assistance "
161;"Unmanned Aerial Vehicles; Bebop; Journalism "
162;"Unmanned Aerial Vehicles; Precision Agriculture; Orthophoto "
163;"User Authentication; Biometry; Touch Screens "
164;"Video Segmentation; Saliency Map; Foreground "
165;"Video Summarization; Color Histogram; Shot "
166;"Visual Localization; Simultaneous Localization and Mapping; Autonomous Vehicles "
167;"Voice over IP; Session Initiation Protocol; Internet Protocols "
168;"Yawning; Road Accidents; Face Detection "
